Semana,Avion_ID,Motor_asignado,Ciclos_acumulados,Umbral_maximo,Leased,Bought,OverThreshold
1,1,EC-2337-98,14402.75,14500,,,0
1,2,EC-2193-39,14402.75,14500,,,0
1,3,EC-6493-61,4464.75,14500,,,0
1,4,EC-7175-45,8063.0,14500,,,0
1,5,EC-9535-20,10053.0,14500,,,0
1,6,EC-6116-65,977.0,14500,,,0
1,7,EC-2872-44,13531.0,14500,,,0
1,8,EC-6826-38,11119.0,14500,,,0
1,9,EC-9678-33,8974.0,14500,,,0
1,10,EC-6324-10,7142.0,14500,,,0
1,11,EC-8617-67,10370.0,14500,,,0
1,12,EC-5469-79,12125.0,14500,,,0
1,13,EC-8335-93,10242.05,14500,,,0
1,14,EC-1648-21,13911.05,14500,,,0
1,15,EC-1251-58,7165.05,14500,,,0
1,16,EC-6100-57,2009.0,14500,,,0
1,17,EC-7599-49,7813.0,14500,,,0
1,18,EC-4413-71,13946.0,14500,,,0
1,19,EC-5767-40,2246.0,14500,,,0
1,20,EC-1620-18,1388.0,14500,,,0
1,21,EC-3695-90,13063.0,14500,,,0
1,22,EC-3089-36,220.41,15500,,,0
1,23,EC-7040-90,10922.41,15500,,,0
1,24,EC-9515-75,11508.41,15500,,,0
1,25,EC-5704-41,2776.41,15500,,,0
1,26,EC-9080-27,3506.41,15500,,,0
1,27,EC-9529-73,3814.41,15500,,,0
1,28,EC-4714-18,6266.41,15500,,,0
1,29,EC-3007-30,10793.41,15500,,,0
1,30,EC-5153-53,14480.41,15500,,,0
2,1,EXTRA_33,22.75,14500,,buy,0
2,2,EXTRA_31,22.75,14500,,buy,0
2,3,EC-6493-61,4487.5,14500,,,0
2,4,EC-7175-45,8084.0,14500,,,0
2,5,EC-9535-20,10074.0,14500,,,0
2,6,EC-6116-65,998.0,14500,,,0
2,7,EC-2872-44,13552.0,14500,,,0
2,8,EC-6826-38,11140.0,14500,,,0
2,9,EC-9678-33,8995.0,14500,,,0
2,10,EC-6324-10,7163.0,14500,,,0
2,11,EC-8617-67,10391.0,14500,,,0
2,12,EC-5469-79,12146.0,14500,,,0
2,13,EC-8335-93,10264.1,14500,,,0
2,14,EC-1648-21,13933.1,14500,,,0
2,15,EC-1251-58,7187.1,14500,,,0
2,16,EC-6100-57,2030.0,14500,,,0
2,17,EC-7599-49,7834.0,14500,,,0
2,18,EC-4413-71,13967.0,14500,,,0
2,19,EC-5767-40,2267.0,14500,,,0
2,20,EC-1620-18,1409.0,14500,,,0
2,21,EC-3695-90,13084.0,14500,,,0
2,22,EC-3089-36,231.82,15500,,,0
2,23,EC-7040-90,10933.82,15500,,,0
2,24,EC-9515-75,11519.82,15500,,,0
2,25,EC-5704-41,2787.82,15500,,,0
2,26,EC-9080-27,3517.82,15500,,,0
2,27,EC-9529-73,3825.82,15500,,,0
2,28,EC-4714-18,6277.82,15500,,,0
2,29,EC-3007-30,10804.82,15500,,,0
2,30,EC-5153-53,14491.82,15500,,,0
3,1,EXTRA_33,45.5,14500,,,0
3,2,EXTRA_31,45.5,14500,,,0
3,3,EC-6493-61,4510.25,14500,,,0
3,4,EC-7175-45,8105.0,14500,,,0
3,5,EC-9535-20,10095.0,14500,,,0
3,6,EC-6116-65,1019.0,14500,,,0
3,7,EC-2872-44,13573.0,14500,,,0
3,8,EC-6826-38,11161.0,14500,,,0
3,9,EC-9678-33,9016.0,14500,,,0
3,10,EC-6324-10,7184.0,14500,,,0
3,11,EC-8617-67,10412.0,14500,,,0
3,12,EC-5469-79,12167.0,14500,,,0
3,13,EC-8335-93,10286.15,14500,,,0
3,14,EC-1648-21,13955.15,14500,,,0
3,15,EC-1251-58,7209.15,14500,,,0
3,16,EC-6100-57,2051.0,14500,,,0
3,17,EC-7599-49,7855.0,14500,,,0
3,18,EC-4413-71,13988.0,14500,,,0
3,19,EC-5767-40,2288.0,14500,,,0
3,20,EC-1620-18,1430.0,14500,,,0
3,21,EC-3695-90,13105.0,14500,,,0
3,22,EC-3089-36,243.23,15500,,,0
3,23,EC-7040-90,10945.23,15500,,,0
3,24,EC-9515-75,11531.23,15500,,,0
3,25,EC-5704-41,2799.23,15500,,,0
3,26,EC-9080-27,3529.23,15500,,,0
3,27,EC-9529-73,3837.23,15500,,,0
3,28,EC-4714-18,6289.23,15500,,,0
3,29,EC-3007-30,10816.23,15500,,,0
3,30,EC-5153-53,14503.23,15500,,,0
4,1,EXTRA_33,68.25,14500,,,0
4,2,EXTRA_31,68.25,14500,,,0
4,3,EC-6493-61,4533.0,14500,,,0
4,4,EC-7175-45,8126.0,14500,,,0
4,5,EC-9535-20,10116.0,14500,,,0
4,6,EC-6116-65,1040.0,14500,,,0
4,7,EC-2872-44,13594.0,14500,,,0
4,8,EC-6826-38,11182.0,14500,,,0
4,9,EC-9678-33,9037.0,14500,,,0
4,10,EC-6324-10,7205.0,14500,,,0
4,11,EC-8617-67,10433.0,14500,,,0
4,12,EC-5469-79,12188.0,14500,,,0
4,13,EC-8335-93,10308.2,14500,,,0
4,14,EC-1648-21,13977.2,14500,,,0
4,15,EC-1251-58,7231.2,14500,,,0
4,16,EC-6100-57,2072.0,14500,,,0
4,17,EC-7599-49,7876.0,14500,,,0
4,18,EC-4413-71,14009.0,14500,,,0
4,19,EC-5767-40,2309.0,14500,,,0
4,20,EC-1620-18,1451.0,14500,,,0
4,21,EC-3695-90,13126.0,14500,,,0
4,22,EC-3089-36,254.64,15500,,,0
4,23,EC-7040-90,10956.64,15500,,,0
4,24,EC-9515-75,11542.64,15500,,,0
4,25,EC-5704-41,2810.64,15500,,,0
4,26,EC-9080-27,3540.64,15500,,,0
4,27,EC-9529-73,3848.64,15500,,,0
4,28,EC-4714-18,6300.64,15500,,,0
4,29,EC-3007-30,10827.64,15500,,,0
4,30,EC-5153-53,14514.64,15500,,,0
5,1,EXTRA_33,91.0,14500,,,0
5,2,EXTRA_31,91.0,14500,,,0
5,3,EC-6493-61,4555.75,14500,,,0
5,4,EC-7175-45,8147.0,14500,,,0
5,5,EC-9535-20,10137.0,14500,,,0
5,6,EC-6116-65,1061.0,14500,,,0
5,7,EC-2872-44,13615.0,14500,,,0
5,8,EC-6826-38,11203.0,14500,,,0
5,9,EC-9678-33,9058.0,14500,,,0
5,10,EC-6324-10,7226.0,14500,,,0
5,11,EC-8617-67,10454.0,14500,,,0
5,12,EC-5469-79,12209.0,14500,,,0
5,13,EC-8335-93,10330.25,14500,,,0
5,14,EC-1648-21,13999.25,14500,,,0
5,15,EC-1251-58,7253.25,14500,,,0
5,16,EC-6100-57,2093.0,14500,,,0
5,17,EC-7599-49,7897.0,14500,,,0
5,18,EC-4413-71,14030.0,14500,,,0
5,19,EC-5767-40,2330.0,14500,,,0
5,20,EC-1620-18,1472.0,14500,,,0
5,21,EC-3695-90,13147.0,14500,,,0
5,22,EC-3089-36,266.05,15500,,,0
5,23,EC-7040-90,10968.05,15500,,,0
5,24,EC-9515-75,11554.05,15500,,,0
5,25,EC-5704-41,2822.05,15500,,,0
5,26,EC-9080-27,3552.05,15500,,,0
5,27,EC-9529-73,3860.05,15500,,,0
5,28,EC-4714-18,6312.05,15500,,,0
5,29,EC-3007-30,10839.05,15500,,,0
5,30,EC-5153-53,14526.05,15500,,,0
6,1,EXTRA_33,113.75,14500,,,0
6,2,EXTRA_31,113.75,14500,,,0
6,3,EC-6493-61,4578.5,14500,,,0
6,4,EC-7175-45,8168.0,14500,,,0
6,5,EC-9535-20,10158.0,14500,,,0
6,6,EC-6116-65,1082.0,14500,,,0
6,7,EC-2872-44,13636.0,14500,,,0
6,8,EC-6826-38,11224.0,14500,,,0
6,9,EC-9678-33,9079.0,14500,,,0
6,10,EC-6324-10,7247.0,14500,,,0
6,11,EC-8617-67,10475.0,14500,,,0
6,12,EC-5469-79,12230.0,14500,,,0
6,13,EC-8335-93,10352.3,14500,,,0
6,14,EC-1648-21,14021.3,14500,,,0
6,15,EC-1251-58,7275.3,14500,,,0
6,16,EC-6100-57,2114.0,14500,,,0
6,17,EC-7599-49,7918.0,14500,,,0
6,18,EC-4413-71,14051.0,14500,,,0
6,19,EC-5767-40,2351.0,14500,,,0
6,20,EC-1620-18,1493.0,14500,,,0
6,21,EC-3695-90,13168.0,14500,,,0
6,22,EC-3089-36,277.46,15500,,,0
6,23,EC-7040-90,10979.46,15500,,,0
6,24,EC-9515-75,11565.46,15500,,,0
6,25,EC-5704-41,2833.46,15500,,,0
6,26,EC-9080-27,3563.46,15500,,,0
6,27,EC-9529-73,3871.46,15500,,,0
6,28,EC-4714-18,6323.46,15500,,,0
6,29,EC-3007-30,10850.46,15500,,,0
6,30,EC-5153-53,14537.46,15500,,,0
7,1,EXTRA_33,136.5,14500,,,0
7,2,EXTRA_31,136.5,14500,,,0
7,3,EC-6493-61,4601.25,14500,,,0
7,4,EC-7175-45,8189.0,14500,,,0
7,5,EC-9535-20,10179.0,14500,,,0
7,6,EC-6116-65,1103.0,14500,,,0
7,7,EC-2872-44,13657.0,14500,,,0
7,8,EC-6826-38,11245.0,14500,,,0
7,9,EC-9678-33,9100.0,14500,,,0
7,10,EC-6324-10,7268.0,14500,,,0
7,11,EC-8617-67,10496.0,14500,,,0
7,12,EC-5469-79,12251.0,14500,,,0
7,13,EC-8335-93,10374.35,14500,,,0
7,14,EC-1648-21,14043.35,14500,,,0
7,15,EC-1251-58,7297.35,14500,,,0
7,16,EC-6100-57,2135.0,14500,,,0
7,17,EC-7599-49,7939.0,14500,,,0
7,18,EC-4413-71,14072.0,14500,,,0
7,19,EC-5767-40,2372.0,14500,,,0
7,20,EC-1620-18,1514.0,14500,,,0
7,21,EC-3695-90,13189.0,14500,,,0
7,22,EC-3089-36,288.87,15500,,,0
7,23,EC-7040-90,10990.87,15500,,,0
7,24,EC-9515-75,11576.87,15500,,,0
7,25,EC-5704-41,2844.87,15500,,,0
7,26,EC-9080-27,3574.87,15500,,,0
7,27,EC-9529-73,3882.87,15500,,,0
7,28,EC-4714-18,6334.87,15500,,,0
7,29,EC-3007-30,10861.87,15500,,,0
7,30,EC-5153-53,14548.87,15500,,,0
8,1,EXTRA_33,159.25,14500,,,0
8,2,EXTRA_31,159.25,14500,,,0
8,3,EC-6493-61,4624.0,14500,,,0
8,4,EC-7175-45,8210.0,14500,,,0
8,5,EC-9535-20,10200.0,14500,,,0
8,6,EC-6116-65,1124.0,14500,,,0
8,7,EC-2872-44,13678.0,14500,,,0
8,8,EC-6826-38,11266.0,14500,,,0
8,9,EC-9678-33,9121.0,14500,,,0
8,10,EC-6324-10,7289.0,14500,,,0
8,11,EC-8617-67,10517.0,14500,,,0
8,12,EC-5469-79,12272.0,14500,,,0
8,13,EC-8335-93,10396.4,14500,,,0
8,14,EC-1648-21,14065.4,14500,,,0
8,15,EC-1251-58,7319.4,14500,,,0
8,16,EC-6100-57,2156.0,14500,,,0
8,17,EC-7599-49,7960.0,14500,,,0
8,18,EC-4413-71,14093.0,14500,,,0
8,19,EC-5767-40,2393.0,14500,,,0
8,20,EC-1620-18,1535.0,14500,,,0
8,21,EC-3695-90,13210.0,14500,,,0
8,22,EC-3089-36,300.28,15500,,,0
8,23,EC-7040-90,11002.28,15500,,,0
8,24,EC-9515-75,11588.28,15500,,,0
8,25,EC-5704-41,2856.28,15500,,,0
8,26,EC-9080-27,3586.28,15500,,,0
8,27,EC-9529-73,3894.28,15500,,,0
8,28,EC-4714-18,6346.28,15500,,,0
8,29,EC-3007-30,10873.28,15500,,,0
8,30,EC-5153-53,14560.28,15500,,,0
9,1,EXTRA_33,182.0,14500,,,0
9,2,EXTRA_31,182.0,14500,,,0
9,3,EC-6493-61,4646.75,14500,,,0
9,4,EC-7175-45,8231.0,14500,,,0
9,5,EC-9535-20,10221.0,14500,,,0
9,6,EC-6116-65,1145.0,14500,,,0
9,7,EC-2872-44,13699.0,14500,,,0
9,8,EC-6826-38,11287.0,14500,,,0
9,9,EC-9678-33,9142.0,14500,,,0
9,10,EC-6324-10,7310.0,14500,,,0
9,11,EC-8617-67,10538.0,14500,,,0
9,12,EC-5469-79,12293.0,14500,,,0
9,13,EC-8335-93,10418.45,14500,,,0
9,14,EC-1648-21,14087.45,14500,,,0
9,15,EC-1251-58,7341.45,14500,,,0
9,16,EC-6100-57,2177.0,14500,,,0
9,17,EC-7599-49,7981.0,14500,,,0
9,18,EC-4413-71,14114.0,14500,,,0
9,19,EC-5767-40,2414.0,14500,,,0
9,20,EC-1620-18,1556.0,14500,,,0
9,21,EC-3695-90,13231.0,14500,,,0
9,22,EC-3089-36,311.69,15500,,,0
9,23,EC-7040-90,11013.69,15500,,,0
9,24,EC-9515-75,11599.69,15500,,,0
9,25,EC-5704-41,2867.69,15500,,,0
9,26,EC-9080-27,3597.69,15500,,,0
9,27,EC-9529-73,3905.69,15500,,,0
9,28,EC-4714-18,6357.69,15500,,,0
9,29,EC-3007-30,10884.69,15500,,,0
9,30,EC-5153-53,14571.69,15500,,,0
10,1,EXTRA_33,204.75,14500,,,0
10,2,EXTRA_31,204.75,14500,,,0
10,3,EC-6493-61,4669.5,14500,,,0
10,4,EC-7175-45,8252.0,14500,,,0
10,5,EC-9535-20,10242.0,14500,,,0
10,6,EC-6116-65,1166.0,14500,,,0
10,7,EC-2872-44,13720.0,14500,,,0
10,8,EC-6826-38,11308.0,14500,,,0
10,9,EC-9678-33,9163.0,14500,,,0
10,10,EC-6324-10,7331.0,14500,,,0
10,11,EC-8617-67,10559.0,14500,,,0
10,12,EC-5469-79,12314.0,14500,,,0
10,13,EC-8335-93,10440.5,14500,,,0
10,14,EC-1648-21,14109.5,14500,,,0
10,15,EC-1251-58,7363.5,14500,,,0
10,16,EC-6100-57,2198.0,14500,,,0
10,17,EC-7599-49,8002.0,14500,,,0
10,18,EC-4413-71,14135.0,14500,,,0
10,19,EC-5767-40,2435.0,14500,,,0
10,20,EC-1620-18,1577.0,14500,,,0
10,21,EC-3695-90,13252.0,14500,,,0
10,22,EC-3089-36,323.1,15500,,,0
10,23,EC-7040-90,11025.1,15500,,,0
10,24,EC-9515-75,11611.1,15500,,,0
10,25,EC-5704-41,2879.1,15500,,,0
10,26,EC-9080-27,3609.1,15500,,,0
10,27,EC-9529-73,3917.1,15500,,,0
10,28,EC-4714-18,6369.1,15500,,,0
10,29,EC-3007-30,10896.1,15500,,,0
10,30,EC-5153-53,14583.1,15500,,,0
11,1,EXTRA_33,227.5,14500,,,0
11,2,EXTRA_31,227.5,14500,,,0
11,3,EC-6493-61,4692.25,14500,,,0
11,4,EC-7175-45,8273.0,14500,,,0
11,5,EC-9535-20,10263.0,14500,,,0
11,6,EC-6116-65,1187.0,14500,,,0
11,7,EC-2872-44,13741.0,14500,,,0
11,8,EC-6826-38,11329.0,14500,,,0
11,9,EC-9678-33,9184.0,14500,,,0
11,10,EC-6324-10,7352.0,14500,,,0
11,11,EC-8617-67,10580.0,14500,,,0
11,12,EC-5469-79,12335.0,14500,,,0
11,13,EC-8335-93,10462.55,14500,,,0
11,14,EC-1648-21,14131.55,14500,,,0
11,15,EC-1251-58,7385.55,14500,,,0
11,16,EC-6100-57,2219.0,14500,,,0
11,17,EC-7599-49,8023.0,14500,,,0
11,18,EC-4413-71,14156.0,14500,,,0
11,19,EC-5767-40,2456.0,14500,,,0
11,20,EC-1620-18,1598.0,14500,,,0
11,21,EC-3695-90,13273.0,14500,,,0
11,22,EC-3089-36,334.51,15500,,,0
11,23,EC-7040-90,11036.51,15500,,,0
11,24,EC-9515-75,11622.51,15500,,,0
11,25,EC-5704-41,2890.51,15500,,,0
11,26,EC-9080-27,3620.51,15500,,,0
11,27,EC-9529-73,3928.51,15500,,,0
11,28,EC-4714-18,6380.51,15500,,,0
11,29,EC-3007-30,10907.51,15500,,,0
11,30,EC-5153-53,14594.51,15500,,,0
12,1,EXTRA_33,250.25,14500,,,0
12,2,EXTRA_31,250.25,14500,,,0
12,3,EC-6493-61,4715.0,14500,,,0
12,4,EC-7175-45,8294.0,14500,,,0
12,5,EC-9535-20,10284.0,14500,,,0
12,6,EC-6116-65,1208.0,14500,,,0
12,7,EC-2872-44,13762.0,14500,,,0
12,8,EC-6826-38,11350.0,14500,,,0
12,9,EC-9678-33,9205.0,14500,,,0
12,10,EC-6324-10,7373.0,14500,,,0
12,11,EC-8617-67,10601.0,14500,,,0
12,12,EC-5469-79,12356.0,14500,,,0
12,13,EC-8335-93,10484.6,14500,,,0
12,14,EC-1648-21,14153.6,14500,,,0
12,15,EC-1251-58,7407.6,14500,,,0
12,16,EC-6100-57,2240.0,14500,,,0
12,17,EC-7599-49,8044.0,14500,,,0
12,18,EC-4413-71,14177.0,14500,,,0
12,19,EC-5767-40,2477.0,14500,,,0
12,20,EC-1620-18,1619.0,14500,,,0
12,21,EC-3695-90,13294.0,14500,,,0
12,22,EC-3089-36,345.92,15500,,,0
12,23,EC-7040-90,11047.92,15500,,,0
12,24,EC-9515-75,11633.92,15500,,,0
12,25,EC-5704-41,2901.92,15500,,,0
12,26,EC-9080-27,3631.92,15500,,,0
12,27,EC-9529-73,3939.92,15500,,,0
12,28,EC-4714-18,6391.92,15500,,,0
12,29,EC-3007-30,10918.92,15500,,,0
12,30,EC-5153-53,14605.92,15500,,,0
13,1,EXTRA_33,273.0,14500,,,0
13,2,EXTRA_31,273.0,14500,,,0
13,3,EC-6493-61,4737.75,14500,,,0
13,4,EC-7175-45,8315.0,14500,,,0
13,5,EC-9535-20,10305.0,14500,,,0
13,6,EC-6116-65,1229.0,14500,,,0
13,7,EC-2872-44,13783.0,14500,,,0
13,8,EC-6826-38,11371.0,14500,,,0
13,9,EC-9678-33,9226.0,14500,,,0
13,10,EC-6324-10,7394.0,14500,,,0
13,11,EC-8617-67,10622.0,14500,,,0
13,12,EC-5469-79,12377.0,14500,,,0
13,13,EC-8335-93,10506.65,14500,,,0
13,14,EC-1648-21,14175.65,14500,,,0
13,15,EC-1251-58,7429.65,14500,,,0
13,16,EC-6100-57,2261.0,14500,,,0
13,17,EC-7599-49,8065.0,14500,,,0
13,18,EC-4413-71,14198.0,14500,,,0
13,19,EC-5767-40,2498.0,14500,,,0
13,20,EC-1620-18,1640.0,14500,,,0
13,21,EC-3695-90,13315.0,14500,,,0
13,22,EC-3089-36,357.33,15500,,,0
13,23,EC-7040-90,11059.33,15500,,,0
13,24,EC-9515-75,11645.33,15500,,,0
13,25,EC-5704-41,2913.33,15500,,,0
13,26,EC-9080-27,3643.33,15500,,,0
13,27,EC-9529-73,3951.33,15500,,,0
13,28,EC-4714-18,6403.33,15500,,,0
13,29,EC-3007-30,10930.33,15500,,,0
13,30,EC-5153-53,14617.33,15500,,,0
14,1,EXTRA_33,295.75,14500,,,0
14,2,EXTRA_31,295.75,14500,,,0
14,3,EC-6493-61,4760.5,14500,,,0
14,4,EC-7175-45,8336.0,14500,,,0
14,5,EC-9535-20,10326.0,14500,,,0
14,6,EC-6116-65,1250.0,14500,,,0
14,7,EC-2872-44,13804.0,14500,,,0
14,8,EC-6826-38,11392.0,14500,,,0
14,9,EC-9678-33,9247.0,14500,,,0
14,10,EC-6324-10,7415.0,14500,,,0
14,11,EC-8617-67,10643.0,14500,,,0
14,12,EC-5469-79,12398.0,14500,,,0
14,13,EC-8335-93,10528.7,14500,,,0
14,14,EC-1648-21,14197.7,14500,,,0
14,15,EC-1251-58,7451.7,14500,,,0
14,16,EC-6100-57,2282.0,14500,,,0
14,17,EC-7599-49,8086.0,14500,,,0
14,18,EC-4413-71,14219.0,14500,,,0
14,19,EC-5767-40,2519.0,14500,,,0
14,20,EC-1620-18,1661.0,14500,,,0
14,21,EC-3695-90,13336.0,14500,,,0
14,22,EC-3089-36,368.74,15500,,,0
14,23,EC-7040-90,11070.74,15500,,,0
14,24,EC-9515-75,11656.74,15500,,,0
14,25,EC-5704-41,2924.74,15500,,,0
14,26,EC-9080-27,3654.74,15500,,,0
14,27,EC-9529-73,3962.74,15500,,,0
14,28,EC-4714-18,6414.74,15500,,,0
14,29,EC-3007-30,10941.74,15500,,,0
14,30,EC-5153-53,14628.74,15500,,,0
15,1,EXTRA_33,318.5,14500,,,0
15,2,EXTRA_31,318.5,14500,,,0
15,3,EC-6493-61,4783.25,14500,,,0
15,4,EC-7175-45,8357.0,14500,,,0
15,5,EC-9535-20,10347.0,14500,,,0
15,6,EC-6116-65,1271.0,14500,,,0
15,7,EC-2872-44,13825.0,14500,,,0
15,8,EC-6826-38,11413.0,14500,,,0
15,9,EC-9678-33,9268.0,14500,,,0
15,10,EC-6324-10,7436.0,14500,,,0
15,11,EC-8617-67,10664.0,14500,,,0
15,12,EC-5469-79,12419.0,14500,,,0
15,13,EC-8335-93,10550.75,14500,,,0
15,14,EC-1648-21,14219.75,14500,,,0
15,15,EC-1251-58,7473.75,14500,,,0
15,16,EC-6100-57,2303.0,14500,,,0
15,17,EC-7599-49,8107.0,14500,,,0
15,18,EC-4413-71,14240.0,14500,,,0
15,19,EC-5767-40,2540.0,14500,,,0
15,20,EC-1620-18,1682.0,14500,,,0
15,21,EC-3695-90,13357.0,14500,,,0
15,22,EC-3089-36,380.15,15500,,,0
15,23,EC-7040-90,11082.15,15500,,,0
15,24,EC-9515-75,11668.15,15500,,,0
15,25,EC-5704-41,2936.15,15500,,,0
15,26,EC-9080-27,3666.15,15500,,,0
15,27,EC-9529-73,3974.15,15500,,,0
15,28,EC-4714-18,6426.15,15500,,,0
15,29,EC-3007-30,10953.15,15500,,,0
15,30,EC-5153-53,14640.15,15500,,,0
16,1,EXTRA_33,341.25,14500,,,0
16,2,EXTRA_31,341.25,14500,,,0
16,3,EC-6493-61,4806.0,14500,,,0
16,4,EC-7175-45,8378.0,14500,,,0
16,5,EC-9535-20,10368.0,14500,,,0
16,6,EC-6116-65,1292.0,14500,,,0
16,7,EC-2872-44,13846.0,14500,,,0
16,8,EC-6826-38,11434.0,14500,,,0
16,9,EC-9678-33,9289.0,14500,,,0
16,10,EC-6324-10,7457.0,14500,,,0
16,11,EC-8617-67,10685.0,14500,,,0
16,12,EC-5469-79,12440.0,14500,,,0
16,13,EC-8335-93,10572.8,14500,,,0
16,14,EC-1648-21,14241.8,14500,,,0
16,15,EC-1251-58,7495.8,14500,,,0
16,16,EC-6100-57,2324.0,14500,,,0
16,17,EC-7599-49,8128.0,14500,,,0
16,18,EC-4413-71,14261.0,14500,,,0
16,19,EC-5767-40,2561.0,14500,,,0
16,20,EC-1620-18,1703.0,14500,,,0
16,21,EC-3695-90,13378.0,14500,,,0
16,22,EC-3089-36,391.56,15500,,,0
16,23,EC-7040-90,11093.56,15500,,,0
16,24,EC-9515-75,11679.56,15500,,,0
16,25,EC-5704-41,2947.56,15500,,,0
16,26,EC-9080-27,3677.56,15500,,,0
16,27,EC-9529-73,3985.56,15500,,,0
16,28,EC-4714-18,6437.56,15500,,,0
16,29,EC-3007-30,10964.56,15500,,,0
16,30,EC-5153-53,14651.56,15500,,,0
17,1,EXTRA_33,364.0,14500,,,0
17,2,EXTRA_31,364.0,14500,,,0
17,3,EC-6493-61,4828.75,14500,,,0
17,4,EC-7175-45,8399.0,14500,,,0
17,5,EC-9535-20,10389.0,14500,,,0
17,6,EC-6116-65,1313.0,14500,,,0
17,7,EC-2872-44,13867.0,14500,,,0
17,8,EC-6826-38,11455.0,14500,,,0
17,9,EC-9678-33,9310.0,14500,,,0
17,10,EC-6324-10,7478.0,14500,,,0
17,11,EC-8617-67,10706.0,14500,,,0
17,12,EC-5469-79,12461.0,14500,,,0
17,13,EC-8335-93,10594.85,14500,,,0
17,14,EC-1648-21,14263.85,14500,,,0
17,15,EC-1251-58,7517.85,14500,,,0
17,16,EC-6100-57,2345.0,14500,,,0
17,17,EC-7599-49,8149.0,14500,,,0
17,18,EC-4413-71,14282.0,14500,,,0
17,19,EC-5767-40,2582.0,14500,,,0
17,20,EC-1620-18,1724.0,14500,,,0
17,21,EC-3695-90,13399.0,14500,,,0
17,22,EC-3089-36,402.97,15500,,,0
17,23,EC-7040-90,11104.97,15500,,,0
17,24,EC-9515-75,11690.97,15500,,,0
17,25,EC-5704-41,2958.97,15500,,,0
17,26,EC-9080-27,3688.97,15500,,,0
17,27,EC-9529-73,3996.97,15500,,,0
17,28,EC-4714-18,6448.97,15500,,,0
17,29,EC-3007-30,10975.97,15500,,,0
17,30,EC-5153-53,14662.97,15500,,,0
18,1,EXTRA_33,386.75,14500,,,0
18,2,EXTRA_31,386.75,14500,,,0
18,3,EC-6493-61,4851.5,14500,,,0
18,4,EC-7175-45,8420.0,14500,,,0
18,5,EC-9535-20,10410.0,14500,,,0
18,6,EC-6116-65,1334.0,14500,,,0
18,7,EC-2872-44,13888.0,14500,,,0
18,8,EC-6826-38,11476.0,14500,,,0
18,9,EC-9678-33,9331.0,14500,,,0
18,10,EC-6324-10,7499.0,14500,,,0
18,11,EC-8617-67,10727.0,14500,,,0
18,12,EC-5469-79,12482.0,14500,,,0
18,13,EC-8335-93,10616.9,14500,,,0
18,14,EC-1648-21,14285.9,14500,,,0
18,15,EC-1251-58,7539.9,14500,,,0
18,16,EC-6100-57,2366.0,14500,,,0
18,17,EC-7599-49,8170.0,14500,,,0
18,18,EC-4413-71,14303.0,14500,,,0
18,19,EC-5767-40,2603.0,14500,,,0
18,20,EC-1620-18,1745.0,14500,,,0
18,21,EC-3695-90,13420.0,14500,,,0
18,22,EC-3089-36,414.38,15500,,,0
18,23,EC-7040-90,11116.38,15500,,,0
18,24,EC-9515-75,11702.38,15500,,,0
18,25,EC-5704-41,2970.38,15500,,,0
18,26,EC-9080-27,3700.38,15500,,,0
18,27,EC-9529-73,4008.38,15500,,,0
18,28,EC-4714-18,6460.38,15500,,,0
18,29,EC-3007-30,10987.38,15500,,,0
18,30,EC-5153-53,14674.38,15500,,,0
19,1,EXTRA_33,409.5,14500,,,0
19,2,EXTRA_31,409.5,14500,,,0
19,3,EC-6493-61,4874.25,14500,,,0
19,4,EC-7175-45,8441.0,14500,,,0
19,5,EC-9535-20,10431.0,14500,,,0
19,6,EC-6116-65,1355.0,14500,,,0
19,7,EC-2872-44,13909.0,14500,,,0
19,8,EC-6826-38,11497.0,14500,,,0
19,9,EC-9678-33,9352.0,14500,,,0
19,10,EC-6324-10,7520.0,14500,,,0
19,11,EC-8617-67,10748.0,14500,,,0
19,12,EC-5469-79,12503.0,14500,,,0
19,13,EC-8335-93,10638.95,14500,,,0
19,14,EC-1648-21,14307.95,14500,,,0
19,15,EC-1251-58,7561.95,14500,,,0
19,16,EC-6100-57,2387.0,14500,,,0
19,17,EC-7599-49,8191.0,14500,,,0
19,18,EC-4413-71,14324.0,14500,,,0
19,19,EC-5767-40,2624.0,14500,,,0
19,20,EC-1620-18,1766.0,14500,,,0
19,21,EC-3695-90,13441.0,14500,,,0
19,22,EC-3089-36,425.79,15500,,,0
19,23,EC-7040-90,11127.79,15500,,,0
19,24,EC-9515-75,11713.79,15500,,,0
19,25,EC-5704-41,2981.79,15500,,,0
19,26,EC-9080-27,3711.79,15500,,,0
19,27,EC-9529-73,4019.79,15500,,,0
19,28,EC-4714-18,6471.79,15500,,,0
19,29,EC-3007-30,10998.79,15500,,,0
19,30,EC-5153-53,14685.79,15500,,,0
20,1,EXTRA_33,432.25,14500,,,0
20,2,EXTRA_31,432.25,14500,,,0
20,3,EC-6493-61,4897.0,14500,,,0
20,4,EC-7175-45,8462.0,14500,,,0
20,5,EC-9535-20,10452.0,14500,,,0
20,6,EC-6116-65,1376.0,14500,,,0
20,7,EC-2872-44,13930.0,14500,,,0
20,8,EC-6826-38,11518.0,14500,,,0
20,9,EC-9678-33,9373.0,14500,,,0
20,10,EC-6324-10,7541.0,14500,,,0
20,11,EC-8617-67,10769.0,14500,,,0
20,12,EC-5469-79,12524.0,14500,,,0
20,13,EC-8335-93,10661.0,14500,,,0
20,14,EC-1648-21,14330.0,14500,,,0
20,15,EC-1251-58,7584.0,14500,,,0
20,16,EC-6100-57,2408.0,14500,,,0
20,17,EC-7599-49,8212.0,14500,,,0
20,18,EC-4413-71,14345.0,14500,,,0
20,19,EC-5767-40,2645.0,14500,,,0
20,20,EC-1620-18,1787.0,14500,,,0
20,21,EC-3695-90,13462.0,14500,,,0
20,22,EC-3089-36,437.2,15500,,,0
20,23,EC-7040-90,11139.2,15500,,,0
20,24,EC-9515-75,11725.2,15500,,,0
20,25,EC-5704-41,2993.2,15500,,,0
20,26,EC-9080-27,3723.2,15500,,,0
20,27,EC-9529-73,4031.2,15500,,,0
20,28,EC-4714-18,6483.2,15500,,,0
20,29,EC-3007-30,11010.2,15500,,,0
20,30,EC-5153-53,14697.2,15500,,,0
21,1,EXTRA_33,455.0,14500,,,0
21,2,EXTRA_31,455.0,14500,,,0
21,3,EC-6493-61,4919.75,14500,,,0
21,4,EC-7175-45,8483.0,14500,,,0
21,5,EC-9535-20,10473.0,14500,,,0
21,6,EC-6116-65,1397.0,14500,,,0
21,7,EC-2872-44,13951.0,14500,,,0
21,8,EC-6826-38,11539.0,14500,,,0
21,9,EC-9678-33,9394.0,14500,,,0
21,10,EC-6324-10,7562.0,14500,,,0
21,11,EC-8617-67,10790.0,14500,,,0
21,12,EC-5469-79,12545.0,14500,,,0
21,13,EC-8335-93,10683.05,14500,,,0
21,14,EC-1648-21,14352.05,14500,,,0
21,15,EC-1251-58,7606.05,14500,,,0
21,16,EC-6100-57,2429.0,14500,,,0
21,17,EC-7599-49,8233.0,14500,,,0
21,18,EC-4413-71,14366.0,14500,,,0
21,19,EC-5767-40,2666.0,14500,,,0
21,20,EC-1620-18,1808.0,14500,,,0
21,21,EC-3695-90,13483.0,14500,,,0
21,22,EC-3089-36,448.61,15500,,,0
21,23,EC-7040-90,11150.61,15500,,,0
21,24,EC-9515-75,11736.61,15500,,,0
21,25,EC-5704-41,3004.61,15500,,,0
21,26,EC-9080-27,3734.61,15500,,,0
21,27,EC-9529-73,4042.61,15500,,,0
21,28,EC-4714-18,6494.61,15500,,,0
21,29,EC-3007-30,11021.61,15500,,,0
21,30,EC-5153-53,14708.61,15500,,,0
22,1,EXTRA_33,477.75,14500,,,0
22,2,EXTRA_31,477.75,14500,,,0
22,3,EC-6493-61,4942.5,14500,,,0
22,4,EC-7175-45,8504.0,14500,,,0
22,5,EC-9535-20,10494.0,14500,,,0
22,6,EC-6116-65,1418.0,14500,,,0
22,7,EC-2872-44,13972.0,14500,,,0
22,8,EC-6826-38,11560.0,14500,,,0
22,9,EC-9678-33,9415.0,14500,,,0
22,10,EC-6324-10,7583.0,14500,,,0
22,11,EC-8617-67,10811.0,14500,,,0
22,12,EC-5469-79,12566.0,14500,,,0
22,13,EC-8335-93,10705.1,14500,,,0
22,14,EC-2193-39,22.05,14500,,,0
22,15,EC-1251-58,7628.1,14500,,,0
22,16,EC-6100-57,2450.0,14500,,,0
22,17,EC-7599-49,8254.0,14500,,,0
22,18,EC-2337-98,21.0,14500,,,0
22,19,EC-5767-40,2687.0,14500,,,0
22,20,EC-1620-18,1829.0,14500,,,0
22,21,EC-3695-90,13504.0,14500,,,0
22,22,EC-3089-36,460.02,15500,,,0
22,23,EC-7040-90,11162.02,15500,,,0
22,24,EC-9515-75,11748.02,15500,,,0
22,25,EC-5704-41,3016.02,15500,,,0
22,26,EC-9080-27,3746.02,15500,,,0
22,27,EC-9529-73,4054.02,15500,,,0
22,28,EC-4714-18,6506.02,15500,,,0
22,29,EC-3007-30,11033.02,15500,,,0
22,30,EC-5153-53,14720.02,15500,,,0
23,1,EXTRA_33,500.5,14500,,,0
23,2,EXTRA_31,500.5,14500,,,0
23,3,EC-6493-61,4965.25,14500,,,0
23,4,EC-7175-45,8525.0,14500,,,0
23,5,EC-9535-20,10515.0,14500,,,0
23,6,EC-6116-65,1439.0,14500,,,0
23,7,EC-2872-44,13993.0,14500,,,0
23,8,EC-6826-38,11581.0,14500,,,0
23,9,EC-9678-33,9436.0,14500,,,0
23,10,EC-6324-10,7604.0,14500,,,0
23,11,EC-8617-67,10832.0,14500,,,0
23,12,EC-5469-79,12587.0,14500,,,0
23,13,EC-8335-93,10727.15,14500,,,0
23,14,EC-2193-39,44.1,14500,,,0
23,15,EC-1251-58,7650.15,14500,,,0
23,16,EC-6100-57,2471.0,14500,,,0
23,17,EC-7599-49,8275.0,14500,,,0
23,18,EC-2337-98,42.0,14500,,,0
23,19,EC-5767-40,2708.0,14500,,,0
23,20,EC-1620-18,1850.0,14500,,,0
23,21,EC-3695-90,13525.0,14500,,,0
23,22,EC-3089-36,471.43,15500,,,0
23,23,EC-7040-90,11173.43,15500,,,0
23,24,EC-9515-75,11759.43,15500,,,0
23,25,EC-5704-41,3027.43,15500,,,0
23,26,EC-9080-27,3757.43,15500,,,0
23,27,EC-9529-73,4065.43,15500,,,0
23,28,EC-4714-18,6517.43,15500,,,0
23,29,EC-3007-30,11044.43,15500,,,0
23,30,EC-5153-53,14731.43,15500,,,0
24,1,EXTRA_33,523.25,14500,,,0
24,2,EXTRA_31,523.25,14500,,,0
24,3,EC-6493-61,4988.0,14500,,,0
24,4,EC-7175-45,8546.0,14500,,,0
24,5,EC-9535-20,10536.0,14500,,,0
24,6,EC-6116-65,1460.0,14500,,,0
24,7,EC-2872-44,14014.0,14500,,,0
24,8,EC-6826-38,11602.0,14500,,,0
24,9,EC-9678-33,9457.0,14500,,,0
24,10,EC-6324-10,7625.0,14500,,,0
24,11,EC-8617-67,10853.0,14500,,,0
24,12,EC-5469-79,12608.0,14500,,,0
24,13,EC-8335-93,10749.2,14500,,,0
24,14,EC-2193-39,66.15,14500,,,0
24,15,EC-1251-58,7672.2,14500,,,0
24,16,EC-6100-57,2492.0,14500,,,0
24,17,EC-7599-49,8296.0,14500,,,0
24,18,EC-2337-98,63.0,14500,,,0
24,19,EC-5767-40,2729.0,14500,,,0
24,20,EC-1620-18,1871.0,14500,,,0
24,21,EC-3695-90,13546.0,14500,,,0
24,22,EC-3089-36,482.84,15500,,,0
24,23,EC-7040-90,11184.84,15500,,,0
24,24,EC-9515-75,11770.84,15500,,,0
24,25,EC-5704-41,3038.84,15500,,,0
24,26,EC-9080-27,3768.84,15500,,,0
24,27,EC-9529-73,4076.84,15500,,,0
24,28,EC-4714-18,6528.84,15500,,,0
24,29,EC-3007-30,11055.84,15500,,,0
24,30,EC-5153-53,14742.84,15500,,,0
25,1,EXTRA_33,546.0,14500,,,0
25,2,EXTRA_31,546.0,14500,,,0
25,3,EC-6493-61,5010.75,14500,,,0
25,4,EC-7175-45,8567.0,14500,,,0
25,5,EC-9535-20,10557.0,14500,,,0
25,6,EC-6116-65,1481.0,14500,,,0
25,7,EC-2872-44,14035.0,14500,,,0
25,8,EC-6826-38,11623.0,14500,,,0
25,9,EC-9678-33,9478.0,14500,,,0
25,10,EC-6324-10,7646.0,14500,,,0
25,11,EC-8617-67,10874.0,14500,,,0
25,12,EC-5469-79,12629.0,14500,,,0
25,13,EC-8335-93,10771.25,14500,,,0
25,14,EC-2193-39,88.2,14500,,,0
25,15,EC-1251-58,7694.25,14500,,,0
25,16,EC-6100-57,2513.0,14500,,,0
25,17,EC-7599-49,8317.0,14500,,,0
25,18,EC-2337-98,84.0,14500,,,0
25,19,EC-5767-40,2750.0,14500,,,0
25,20,EC-1620-18,1892.0,14500,,,0
25,21,EC-3695-90,13567.0,14500,,,0
25,22,EC-3089-36,494.25,15500,,,0
25,23,EC-7040-90,11196.25,15500,,,0
25,24,EC-9515-75,11782.25,15500,,,0
25,25,EC-5704-41,3050.25,15500,,,0
25,26,EC-9080-27,3780.25,15500,,,0
25,27,EC-9529-73,4088.25,15500,,,0
25,28,EC-4714-18,6540.25,15500,,,0
25,29,EC-3007-30,11067.25,15500,,,0
25,30,EC-5153-53,14754.25,15500,,,0
26,1,EXTRA_33,568.75,14500,,,0
26,2,EXTRA_31,568.75,14500,,,0
26,3,EC-6493-61,5033.5,14500,,,0
26,4,EC-7175-45,8588.0,14500,,,0
26,5,EC-9535-20,10578.0,14500,,,0
26,6,EC-6116-65,1502.0,14500,,,0
26,7,EC-2872-44,14056.0,14500,,,0
26,8,EC-6826-38,11644.0,14500,,,0
26,9,EC-9678-33,9499.0,14500,,,0
26,10,EC-6324-10,7667.0,14500,,,0
26,11,EC-8617-67,10895.0,14500,,,0
26,12,EC-5469-79,12650.0,14500,,,0
26,13,EC-8335-93,10793.3,14500,,,0
26,14,EC-2193-39,110.25,14500,,,0
26,15,EC-1251-58,7716.3,14500,,,0
26,16,EC-6100-57,2534.0,14500,,,0
26,17,EC-7599-49,8338.0,14500,,,0
26,18,EC-2337-98,105.0,14500,,,0
26,19,EC-5767-40,2771.0,14500,,,0
26,20,EC-1620-18,1913.0,14500,,,0
26,21,EC-3695-90,13588.0,14500,,,0
26,22,EC-3089-36,505.66,15500,,,0
26,23,EC-7040-90,11207.66,15500,,,0
26,24,EC-9515-75,11793.66,15500,,,0
26,25,EC-5704-41,3061.66,15500,,,0
26,26,EC-9080-27,3791.66,15500,,,0
26,27,EC-9529-73,4099.66,15500,,,0
26,28,EC-4714-18,6551.66,15500,,,0
26,29,EC-3007-30,11078.66,15500,,,0
26,30,EC-5153-53,14765.66,15500,,,0
27,1,EXTRA_33,591.5,14500,,,0
27,2,EXTRA_31,591.5,14500,,,0
27,3,EC-6493-61,5056.25,14500,,,0
27,4,EC-7175-45,8609.0,14500,,,0
27,5,EC-9535-20,10599.0,14500,,,0
27,6,EC-6116-65,1523.0,14500,,,0
27,7,EC-2872-44,14077.0,14500,,,0
27,8,EC-6826-38,11665.0,14500,,,0
27,9,EC-9678-33,9520.0,14500,,,0
27,10,EC-6324-10,7688.0,14500,,,0
27,11,EC-8617-67,10916.0,14500,,,0
27,12,EC-5469-79,12671.0,14500,,,0
27,13,EC-8335-93,10815.35,14500,,,0
27,14,EC-2193-39,132.3,14500,,,0
27,15,EC-1251-58,7738.35,14500,,,0
27,16,EC-6100-57,2555.0,14500,,,0
27,17,EC-7599-49,8359.0,14500,,,0
27,18,EC-2337-98,126.0,14500,,,0
27,19,EC-5767-40,2792.0,14500,,,0
27,20,EC-1620-18,1934.0,14500,,,0
27,21,EC-3695-90,13609.0,14500,,,0
27,22,EC-3089-36,517.07,15500,,,0
27,23,EC-7040-90,11219.07,15500,,,0
27,24,EC-9515-75,11805.07,15500,,,0
27,25,EC-5704-41,3073.07,15500,,,0
27,26,EC-9080-27,3803.07,15500,,,0
27,27,EC-9529-73,4111.07,15500,,,0
27,28,EC-4714-18,6563.07,15500,,,0
27,29,EC-3007-30,11090.07,15500,,,0
27,30,EC-5153-53,14777.07,15500,,,0
28,1,EXTRA_33,614.25,14500,,,0
28,2,EXTRA_31,614.25,14500,,,0
28,3,EC-6493-61,5079.0,14500,,,0
28,4,EC-7175-45,8630.0,14500,,,0
28,5,EC-9535-20,10620.0,14500,,,0
28,6,EC-6116-65,1544.0,14500,,,0
28,7,EC-2872-44,14098.0,14500,,,0
28,8,EC-6826-38,11686.0,14500,,,0
28,9,EC-9678-33,9541.0,14500,,,0
28,10,EC-6324-10,7709.0,14500,,,0
28,11,EC-8617-67,10937.0,14500,,,0
28,12,EC-5469-79,12692.0,14500,,,0
28,13,EC-8335-93,10837.4,14500,,,0
28,14,EC-2193-39,154.35,14500,,,0
28,15,EC-1251-58,7760.4,14500,,,0
28,16,EC-6100-57,2576.0,14500,,,0
28,17,EC-7599-49,8380.0,14500,,,0
28,18,EC-2337-98,147.0,14500,,,0
28,19,EC-5767-40,2813.0,14500,,,0
28,20,EC-1620-18,1955.0,14500,,,0
28,21,EC-3695-90,13630.0,14500,,,0
28,22,EC-3089-36,528.48,15500,,,0
28,23,EC-7040-90,11230.48,15500,,,0
28,24,EC-9515-75,11816.48,15500,,,0
28,25,EC-5704-41,3084.48,15500,,,0
28,26,EC-9080-27,3814.48,15500,,,0
28,27,EC-9529-73,4122.48,15500,,,0
28,28,EC-4714-18,6574.48,15500,,,0
28,29,EC-3007-30,11101.48,15500,,,0
28,30,EC-5153-53,14788.48,15500,,,0
29,1,EXTRA_33,637.0,14500,,,0
29,2,EXTRA_31,637.0,14500,,,0
29,3,EC-6493-61,5101.75,14500,,,0
29,4,EC-7175-45,8651.0,14500,,,0
29,5,EC-9535-20,10641.0,14500,,,0
29,6,EC-6116-65,1565.0,14500,,,0
29,7,EC-2872-44,14119.0,14500,,,0
29,8,EC-6826-38,11707.0,14500,,,0
29,9,EC-9678-33,9562.0,14500,,,0
29,10,EC-6324-10,7730.0,14500,,,0
29,11,EC-8617-67,10958.0,14500,,,0
29,12,EC-5469-79,12713.0,14500,,,0
29,13,EC-8335-93,10859.45,14500,,,0
29,14,EC-2193-39,176.4,14500,,,0
29,15,EC-1251-58,7782.45,14500,,,0
29,16,EC-6100-57,2597.0,14500,,,0
29,17,EC-7599-49,8401.0,14500,,,0
29,18,EC-2337-98,168.0,14500,,,0
29,19,EC-5767-40,2834.0,14500,,,0
29,20,EC-1620-18,1976.0,14500,,,0
29,21,EC-3695-90,13651.0,14500,,,0
29,22,EC-3089-36,539.89,15500,,,0
29,23,EC-7040-90,11241.89,15500,,,0
29,24,EC-9515-75,11827.89,15500,,,0
29,25,EC-5704-41,3095.89,15500,,,0
29,26,EC-9080-27,3825.89,15500,,,0
29,27,EC-9529-73,4133.89,15500,,,0
29,28,EC-4714-18,6585.89,15500,,,0
29,29,EC-3007-30,11112.89,15500,,,0
29,30,EC-5153-53,14799.89,15500,,,0
30,1,EXTRA_33,659.75,14500,,,0
30,2,EXTRA_31,659.75,14500,,,0
30,3,EC-6493-61,5124.5,14500,,,0
30,4,EC-7175-45,8672.0,14500,,,0
30,5,EC-9535-20,10662.0,14500,,,0
30,6,EC-6116-65,1586.0,14500,,,0
30,7,EC-2872-44,14140.0,14500,,,0
30,8,EC-6826-38,11728.0,14500,,,0
30,9,EC-9678-33,9583.0,14500,,,0
30,10,EC-6324-10,7751.0,14500,,,0
30,11,EC-8617-67,10979.0,14500,,,0
30,12,EC-5469-79,12734.0,14500,,,0
30,13,EC-8335-93,10881.5,14500,,,0
30,14,EC-2193-39,198.45,14500,,,0
30,15,EC-1251-58,7804.5,14500,,,0
30,16,EC-6100-57,2618.0,14500,,,0
30,17,EC-7599-49,8422.0,14500,,,0
30,18,EC-2337-98,189.0,14500,,,0
30,19,EC-5767-40,2855.0,14500,,,0
30,20,EC-1620-18,1997.0,14500,,,0
30,21,EC-3695-90,13672.0,14500,,,0
30,22,EC-3089-36,551.3,15500,,,0
30,23,EC-7040-90,11253.3,15500,,,0
30,24,EC-9515-75,11839.3,15500,,,0
30,25,EC-5704-41,3107.3,15500,,,0
30,26,EC-9080-27,3837.3,15500,,,0
30,27,EC-9529-73,4145.3,15500,,,0
30,28,EC-4714-18,6597.3,15500,,,0
30,29,EC-3007-30,11124.3,15500,,,0
30,30,EC-5153-53,14811.3,15500,,,0
31,1,EXTRA_33,682.5,14500,,,0
31,2,EXTRA_31,682.5,14500,,,0
31,3,EC-6493-61,5147.25,14500,,,0
31,4,EC-7175-45,8693.0,14500,,,0
31,5,EC-9535-20,10683.0,14500,,,0
31,6,EC-6116-65,1607.0,14500,,,0
31,7,EC-2872-44,14161.0,14500,,,0
31,8,EC-6826-38,11749.0,14500,,,0
31,9,EC-9678-33,9604.0,14500,,,0
31,10,EC-6324-10,7772.0,14500,,,0
31,11,EC-8617-67,11000.0,14500,,,0
31,12,EC-5469-79,12755.0,14500,,,0
31,13,EC-8335-93,10903.55,14500,,,0
31,14,EC-2193-39,220.5,14500,,,0
31,15,EC-1251-58,7826.55,14500,,,0
31,16,EC-6100-57,2639.0,14500,,,0
31,17,EC-7599-49,8443.0,14500,,,0
31,18,EC-2337-98,210.0,14500,,,0
31,19,EC-5767-40,2876.0,14500,,,0
31,20,EC-1620-18,2018.0,14500,,,0
31,21,EC-3695-90,13693.0,14500,,,0
31,22,EC-3089-36,562.71,15500,,,0
31,23,EC-7040-90,11264.71,15500,,,0
31,24,EC-9515-75,11850.71,15500,,,0
31,25,EC-5704-41,3118.71,15500,,,0
31,26,EC-9080-27,3848.71,15500,,,0
31,27,EC-9529-73,4156.71,15500,,,0
31,28,EC-4714-18,6608.71,15500,,,0
31,29,EC-3007-30,11135.71,15500,,,0
31,30,EC-5153-53,14822.71,15500,,,0
32,1,EXTRA_33,705.25,14500,,,0
32,2,EXTRA_31,705.25,14500,,,0
32,3,EC-6493-61,5170.0,14500,,,0
32,4,EC-7175-45,8714.0,14500,,,0
32,5,EC-9535-20,10704.0,14500,,,0
32,6,EC-6116-65,1628.0,14500,,,0
32,7,EC-2872-44,14182.0,14500,,,0
32,8,EC-6826-38,11770.0,14500,,,0
32,9,EC-9678-33,9625.0,14500,,,0
32,10,EC-6324-10,7793.0,14500,,,0
32,11,EC-8617-67,11021.0,14500,,,0
32,12,EC-5469-79,12776.0,14500,,,0
32,13,EC-8335-93,10925.6,14500,,,0
32,14,EC-2193-39,242.55,14500,,,0
32,15,EC-1251-58,7848.6,14500,,,0
32,16,EC-6100-57,2660.0,14500,,,0
32,17,EC-7599-49,8464.0,14500,,,0
32,18,EC-2337-98,231.0,14500,,,0
32,19,EC-5767-40,2897.0,14500,,,0
32,20,EC-1620-18,2039.0,14500,,,0
32,21,EC-3695-90,13714.0,14500,,,0
32,22,EC-3089-36,574.12,15500,,,0
32,23,EC-7040-90,11276.12,15500,,,0
32,24,EC-9515-75,11862.12,15500,,,0
32,25,EC-5704-41,3130.12,15500,,,0
32,26,EC-9080-27,3860.12,15500,,,0
32,27,EC-9529-73,4168.12,15500,,,0
32,28,EC-4714-18,6620.12,15500,,,0
32,29,EC-3007-30,11147.12,15500,,,0
32,30,EC-5153-53,14834.12,15500,,,0
33,1,EXTRA_33,728.0,14500,,,0
33,2,EXTRA_31,728.0,14500,,,0
33,3,EC-6493-61,5192.75,14500,,,0
33,4,EC-7175-45,8735.0,14500,,,0
33,5,EC-9535-20,10725.0,14500,,,0
33,6,EC-6116-65,1649.0,14500,,,0
33,7,EC-2872-44,14203.0,14500,,,0
33,8,EC-6826-38,11791.0,14500,,,0
33,9,EC-9678-33,9646.0,14500,,,0
33,10,EC-6324-10,7814.0,14500,,,0
33,11,EC-8617-67,11042.0,14500,,,0
33,12,EC-5469-79,12797.0,14500,,,0
33,13,EC-8335-93,10947.65,14500,,,0
33,14,EC-2193-39,264.6,14500,,,0
33,15,EC-1251-58,7870.65,14500,,,0
33,16,EC-6100-57,2681.0,14500,,,0
33,17,EC-7599-49,8485.0,14500,,,0
33,18,EC-2337-98,252.0,14500,,,0
33,19,EC-5767-40,2918.0,14500,,,0
33,20,EC-1620-18,2060.0,14500,,,0
33,21,EC-3695-90,13735.0,14500,,,0
33,22,EC-3089-36,585.53,15500,,,0
33,23,EC-7040-90,11287.53,15500,,,0
33,24,EC-9515-75,11873.53,15500,,,0
33,25,EC-5704-41,3141.53,15500,,,0
33,26,EC-9080-27,3871.53,15500,,,0
33,27,EC-9529-73,4179.53,15500,,,0
33,28,EC-4714-18,6631.53,15500,,,0
33,29,EC-3007-30,11158.53,15500,,,0
33,30,EC-5153-53,14845.53,15500,,,0
34,1,EXTRA_33,750.75,14500,,,0
34,2,EXTRA_31,750.75,14500,,,0
34,3,EC-6493-61,5215.5,14500,,,0
34,4,EC-7175-45,8756.0,14500,,,0
34,5,EC-9535-20,10746.0,14500,,,0
34,6,EC-6116-65,1670.0,14500,,,0
34,7,EC-2872-44,14224.0,14500,,,0
34,8,EC-6826-38,11812.0,14500,,,0
34,9,EC-9678-33,9667.0,14500,,,0
34,10,EC-6324-10,7835.0,14500,,,0
34,11,EC-8617-67,11063.0,14500,,,0
34,12,EC-5469-79,12818.0,14500,,,0
34,13,EC-8335-93,10969.7,14500,,,0
34,14,EC-2193-39,286.65,14500,,,0
34,15,EC-1251-58,7892.7,14500,,,0
34,16,EC-6100-57,2702.0,14500,,,0
34,17,EC-7599-49,8506.0,14500,,,0
34,18,EC-2337-98,273.0,14500,,,0
34,19,EC-5767-40,2939.0,14500,,,0
34,20,EC-1620-18,2081.0,14500,,,0
34,21,EC-3695-90,13756.0,14500,,,0
34,22,EC-3089-36,596.94,15500,,,0
34,23,EC-7040-90,11298.94,15500,,,0
34,24,EC-9515-75,11884.94,15500,,,0
34,25,EC-5704-41,3152.94,15500,,,0
34,26,EC-9080-27,3882.94,15500,,,0
34,27,EC-9529-73,4190.94,15500,,,0
34,28,EC-4714-18,6642.94,15500,,,0
34,29,EC-3007-30,11169.94,15500,,,0
34,30,EC-5153-53,14856.94,15500,,,0
35,1,EXTRA_33,773.5,14500,,,0
35,2,EXTRA_31,773.5,14500,,,0
35,3,EC-6493-61,5238.25,14500,,,0
35,4,EC-7175-45,8777.0,14500,,,0
35,5,EC-9535-20,10767.0,14500,,,0
35,6,EC-6116-65,1691.0,14500,,,0
35,7,EC-2872-44,14245.0,14500,,,0
35,8,EC-6826-38,11833.0,14500,,,0
35,9,EC-9678-33,9688.0,14500,,,0
35,10,EC-6324-10,7856.0,14500,,,0
35,11,EC-8617-67,11084.0,14500,,,0
35,12,EC-5469-79,12839.0,14500,,,0
35,13,EC-8335-93,10991.75,14500,,,0
35,14,EC-2193-39,308.7,14500,,,0
35,15,EC-1251-58,7914.75,14500,,,0
35,16,EC-6100-57,2723.0,14500,,,0
35,17,EC-7599-49,8527.0,14500,,,0
35,18,EC-2337-98,294.0,14500,,,0
35,19,EC-5767-40,2960.0,14500,,,0
35,20,EC-1620-18,2102.0,14500,,,0
35,21,EC-3695-90,13777.0,14500,,,0
35,22,EC-3089-36,608.35,15500,,,0
35,23,EC-7040-90,11310.35,15500,,,0
35,24,EC-9515-75,11896.35,15500,,,0
35,25,EC-5704-41,3164.35,15500,,,0
35,26,EC-9080-27,3894.35,15500,,,0
35,27,EC-9529-73,4202.35,15500,,,0
35,28,EC-4714-18,6654.35,15500,,,0
35,29,EC-3007-30,11181.35,15500,,,0
35,30,EC-5153-53,14868.35,15500,,,0
36,1,EXTRA_33,796.25,14500,,,0
36,2,EXTRA_31,796.25,14500,,,0
36,3,EC-6493-61,5261.0,14500,,,0
36,4,EC-7175-45,8798.0,14500,,,0
36,5,EC-9535-20,10788.0,14500,,,0
36,6,EC-6116-65,1712.0,14500,,,0
36,7,EC-2872-44,14266.0,14500,,,0
36,8,EC-6826-38,11854.0,14500,,,0
36,9,EC-9678-33,9709.0,14500,,,0
36,10,EC-6324-10,7877.0,14500,,,0
36,11,EC-8617-67,11105.0,14500,,,0
36,12,EC-5469-79,12860.0,14500,,,0
36,13,EC-8335-93,11013.8,14500,,,0
36,14,EC-2193-39,330.75,14500,,,0
36,15,EC-1251-58,7936.8,14500,,,0
36,16,EC-6100-57,2744.0,14500,,,0
36,17,EC-7599-49,8548.0,14500,,,0
36,18,EC-2337-98,315.0,14500,,,0
36,19,EC-5767-40,2981.0,14500,,,0
36,20,EC-1620-18,2123.0,14500,,,0
36,21,EC-3695-90,13798.0,14500,,,0
36,22,EC-3089-36,619.76,15500,,,0
36,23,EC-7040-90,11321.76,15500,,,0
36,24,EC-9515-75,11907.76,15500,,,0
36,25,EC-5704-41,3175.76,15500,,,0
36,26,EC-9080-27,3905.76,15500,,,0
36,27,EC-9529-73,4213.76,15500,,,0
36,28,EC-4714-18,6665.76,15500,,,0
36,29,EC-3007-30,11192.76,15500,,,0
36,30,EC-5153-53,14879.76,15500,,,0
37,1,EXTRA_33,819.0,14500,,,0
37,2,EXTRA_31,819.0,14500,,,0
37,3,EC-6493-61,5283.75,14500,,,0
37,4,EC-7175-45,8819.0,14500,,,0
37,5,EC-9535-20,10809.0,14500,,,0
37,6,EC-6116-65,1733.0,14500,,,0
37,7,EC-2872-44,14287.0,14500,,,0
37,8,EC-6826-38,11875.0,14500,,,0
37,9,EC-9678-33,9730.0,14500,,,0
37,10,EC-6324-10,7898.0,14500,,,0
37,11,EC-8617-67,11126.0,14500,,,0
37,12,EC-5469-79,12881.0,14500,,,0
37,13,EC-8335-93,11035.85,14500,,,0
37,14,EC-2193-39,352.8,14500,,,0
37,15,EC-1251-58,7958.85,14500,,,0
37,16,EC-6100-57,2765.0,14500,,,0
37,17,EC-7599-49,8569.0,14500,,,0
37,18,EC-2337-98,336.0,14500,,,0
37,19,EC-5767-40,3002.0,14500,,,0
37,20,EC-1620-18,2144.0,14500,,,0
37,21,EC-3695-90,13819.0,14500,,,0
37,22,EC-3089-36,631.17,15500,,,0
37,23,EC-7040-90,11333.17,15500,,,0
37,24,EC-9515-75,11919.17,15500,,,0
37,25,EC-5704-41,3187.17,15500,,,0
37,26,EC-9080-27,3917.17,15500,,,0
37,27,EC-9529-73,4225.17,15500,,,0
37,28,EC-4714-18,6677.17,15500,,,0
37,29,EC-3007-30,11204.17,15500,,,0
37,30,EC-5153-53,14891.17,15500,,,0
38,1,EXTRA_33,841.75,14500,,,0
38,2,EXTRA_31,841.75,14500,,,0
38,3,EC-6493-61,5306.5,14500,,,0
38,4,EC-7175-45,8840.0,14500,,,0
38,5,EC-9535-20,10830.0,14500,,,0
38,6,EC-6116-65,1754.0,14500,,,0
38,7,EC-2872-44,14308.0,14500,,,0
38,8,EC-6826-38,11896.0,14500,,,0
38,9,EC-9678-33,9751.0,14500,,,0
38,10,EC-6324-10,7919.0,14500,,,0
38,11,EC-8617-67,11147.0,14500,,,0
38,12,EC-5469-79,12902.0,14500,,,0
38,13,EC-8335-93,11057.9,14500,,,0
38,14,EC-2193-39,374.85,14500,,,0
38,15,EC-1251-58,7980.9,14500,,,0
38,16,EC-6100-57,2786.0,14500,,,0
38,17,EC-7599-49,8590.0,14500,,,0
38,18,EC-2337-98,357.0,14500,,,0
38,19,EC-5767-40,3023.0,14500,,,0
38,20,EC-1620-18,2165.0,14500,,,0
38,21,EC-3695-90,13840.0,14500,,,0
38,22,EC-3089-36,642.58,15500,,,0
38,23,EC-7040-90,11344.58,15500,,,0
38,24,EC-9515-75,11930.58,15500,,,0
38,25,EC-5704-41,3198.58,15500,,,0
38,26,EC-9080-27,3928.58,15500,,,0
38,27,EC-9529-73,4236.58,15500,,,0
38,28,EC-4714-18,6688.58,15500,,,0
38,29,EC-3007-30,11215.58,15500,,,0
38,30,EC-5153-53,14902.58,15500,,,0
39,1,EXTRA_33,864.5,14500,,,0
39,2,EXTRA_31,864.5,14500,,,0
39,3,EC-6493-61,5329.25,14500,,,0
39,4,EC-7175-45,8861.0,14500,,,0
39,5,EC-9535-20,10851.0,14500,,,0
39,6,EC-6116-65,1775.0,14500,,,0
39,7,EC-2872-44,14329.0,14500,,,0
39,8,EC-6826-38,11917.0,14500,,,0
39,9,EC-9678-33,9772.0,14500,,,0
39,10,EC-6324-10,7940.0,14500,,,0
39,11,EC-8617-67,11168.0,14500,,,0
39,12,EC-5469-79,12923.0,14500,,,0
39,13,EC-8335-93,11079.95,14500,,,0
39,14,EC-2193-39,396.9,14500,,,0
39,15,EC-1251-58,8002.95,14500,,,0
39,16,EC-6100-57,2807.0,14500,,,0
39,17,EC-7599-49,8611.0,14500,,,0
39,18,EC-2337-98,378.0,14500,,,0
39,19,EC-5767-40,3044.0,14500,,,0
39,20,EC-1620-18,2186.0,14500,,,0
39,21,EC-3695-90,13861.0,14500,,,0
39,22,EC-3089-36,653.99,15500,,,0
39,23,EC-7040-90,11355.99,15500,,,0
39,24,EC-9515-75,11941.99,15500,,,0
39,25,EC-5704-41,3209.99,15500,,,0
39,26,EC-9080-27,3939.99,15500,,,0
39,27,EC-9529-73,4247.99,15500,,,0
39,28,EC-4714-18,6699.99,15500,,,0
39,29,EC-3007-30,11226.99,15500,,,0
39,30,EC-5153-53,14913.99,15500,,,0
40,1,EXTRA_33,887.25,14500,,,0
40,2,EXTRA_31,887.25,14500,,,0
40,3,EC-6493-61,5352.0,14500,,,0
40,4,EC-7175-45,8882.0,14500,,,0
40,5,EC-9535-20,10872.0,14500,,,0
40,6,EC-6116-65,1796.0,14500,,,0
40,7,EC-2872-44,14350.0,14500,,,0
40,8,EC-6826-38,11938.0,14500,,,0
40,9,EC-9678-33,9793.0,14500,,,0
40,10,EC-6324-10,7961.0,14500,,,0
40,11,EC-8617-67,11189.0,14500,,,0
40,12,EC-5469-79,12944.0,14500,,,0
40,13,EC-8335-93,11102.0,14500,,,0
40,14,EC-2193-39,418.95,14500,,,0
40,15,EC-1251-58,8025.0,14500,,,0
40,16,EC-6100-57,2828.0,14500,,,0
40,17,EC-7599-49,8632.0,14500,,,0
40,18,EC-2337-98,399.0,14500,,,0
40,19,EC-5767-40,3065.0,14500,,,0
40,20,EC-1620-18,2207.0,14500,,,0
40,21,EC-3695-90,13882.0,14500,,,0
40,22,EC-3089-36,665.4,15500,,,0
40,23,EC-7040-90,11367.4,15500,,,0
40,24,EC-9515-75,11953.4,15500,,,0
40,25,EC-5704-41,3221.4,15500,,,0
40,26,EC-9080-27,3951.4,15500,,,0
40,27,EC-9529-73,4259.4,15500,,,0
40,28,EC-4714-18,6711.4,15500,,,0
40,29,EC-3007-30,11238.4,15500,,,0
40,30,EC-5153-53,14925.4,15500,,,0
41,1,EXTRA_33,910.0,14500,,,0
41,2,EXTRA_31,910.0,14500,,,0
41,3,EC-6493-61,5374.75,14500,,,0
41,4,EC-7175-45,8903.0,14500,,,0
41,5,EC-9535-20,10893.0,14500,,,0
41,6,EC-6116-65,1817.0,14500,,,0
41,7,EC-2872-44,14371.0,14500,,,0
41,8,EC-6826-38,11959.0,14500,,,0
41,9,EC-9678-33,9814.0,14500,,,0
41,10,EC-6324-10,7982.0,14500,,,0
41,11,EC-8617-67,11210.0,14500,,,0
41,12,EC-5469-79,12965.0,14500,,,0
41,13,EC-8335-93,11124.05,14500,,,0
41,14,EC-2193-39,441.0,14500,,,0
41,15,EC-1251-58,8047.05,14500,,,0
41,16,EC-6100-57,2849.0,14500,,,0
41,17,EC-7599-49,8653.0,14500,,,0
41,18,EC-2337-98,420.0,14500,,,0
41,19,EC-5767-40,3086.0,14500,,,0
41,20,EC-1620-18,2228.0,14500,,,0
41,21,EC-3695-90,13903.0,14500,,,0
41,22,EC-3089-36,676.81,15500,,,0
41,23,EC-7040-90,11378.81,15500,,,0
41,24,EC-9515-75,11964.81,15500,,,0
41,25,EC-5704-41,3232.81,15500,,,0
41,26,EC-9080-27,3962.81,15500,,,0
41,27,EC-9529-73,4270.81,15500,,,0
41,28,EC-4714-18,6722.81,15500,,,0
41,29,EC-3007-30,11249.81,15500,,,0
41,30,EC-5153-53,14936.81,15500,,,0
42,1,EXTRA_33,932.75,14500,,,0
42,2,EXTRA_31,932.75,14500,,,0
42,3,EC-6493-61,5397.5,14500,,,0
42,4,EC-7175-45,8924.0,14500,,,0
42,5,EC-9535-20,10914.0,14500,,,0
42,6,EC-6116-65,1838.0,14500,,,0
42,7,EC-1648-21,21.0,14500,,,0
42,8,EC-6826-38,11980.0,14500,,,0
42,9,EC-9678-33,9835.0,14500,,,0
42,10,EC-6324-10,8003.0,14500,,,0
42,11,EC-8617-67,11231.0,14500,,,0
42,12,EC-5469-79,12986.0,14500,,,0
42,13,EC-8335-93,11146.1,14500,,,0
42,14,EC-2193-39,463.05,14500,,,0
42,15,EC-1251-58,8069.1,14500,,,0
42,16,EC-6100-57,2870.0,14500,,,0
42,17,EC-7599-49,8674.0,14500,,,0
42,18,EC-4413-71,21.0,14500,,,0
42,19,EC-5767-40,3107.0,14500,,,0
42,20,EC-1620-18,2249.0,14500,,,0
42,21,EC-3695-90,13924.0,14500,,,0
42,22,EC-3089-36,688.22,15500,,,0
42,23,EC-7040-90,11390.22,15500,,,0
42,24,EC-9515-75,11976.22,15500,,,0
42,25,EC-5704-41,3244.22,15500,,,0
42,26,EC-9080-27,3974.22,15500,,,0
42,27,EC-9529-73,4282.22,15500,,,0
42,28,EC-4714-18,6734.22,15500,,,0
42,29,EC-3007-30,11261.22,15500,,,0
42,30,EC-5153-53,14948.22,15500,,,0
43,1,EXTRA_33,955.5,14500,,,0
43,2,EXTRA_31,955.5,14500,,,0
43,3,EC-6493-61,5420.25,14500,,,0
43,4,EC-7175-45,8945.0,14500,,,0
43,5,EC-9535-20,10935.0,14500,,,0
43,6,EC-6116-65,1859.0,14500,,,0
43,7,EC-1648-21,42.0,14500,,,0
43,8,EC-6826-38,12001.0,14500,,,0
43,9,EC-9678-33,9856.0,14500,,,0
43,10,EC-6324-10,8024.0,14500,,,0
43,11,EC-8617-67,11252.0,14500,,,0
43,12,EC-5469-79,13007.0,14500,,,0
43,13,EC-8335-93,11168.15,14500,,,0
43,14,EC-2193-39,485.1,14500,,,0
43,15,EC-1251-58,8091.15,14500,,,0
43,16,EC-6100-57,2891.0,14500,,,0
43,17,EC-7599-49,8695.0,14500,,,0
43,18,EC-4413-71,42.0,14500,,,0
43,19,EC-5767-40,3128.0,14500,,,0
43,20,EC-1620-18,2270.0,14500,,,0
43,21,EC-3695-90,13945.0,14500,,,0
43,22,EC-3089-36,699.63,15500,,,0
43,23,EC-7040-90,11401.63,15500,,,0
43,24,EC-9515-75,11987.63,15500,,,0
43,25,EC-5704-41,3255.63,15500,,,0
43,26,EC-9080-27,3985.63,15500,,,0
43,27,EC-9529-73,4293.63,15500,,,0
43,28,EC-4714-18,6745.63,15500,,,0
43,29,EC-3007-30,11272.63,15500,,,0
43,30,EC-5153-53,14959.63,15500,,,0
44,1,EXTRA_33,978.25,14500,,,0
44,2,EXTRA_31,978.25,14500,,,0
44,3,EC-6493-61,5443.0,14500,,,0
44,4,EC-7175-45,8966.0,14500,,,0
44,5,EC-9535-20,10956.0,14500,,,0
44,6,EC-6116-65,1880.0,14500,,,0
44,7,EC-1648-21,63.0,14500,,,0
44,8,EC-6826-38,12022.0,14500,,,0
44,9,EC-9678-33,9877.0,14500,,,0
44,10,EC-6324-10,8045.0,14500,,,0
44,11,EC-8617-67,11273.0,14500,,,0
44,12,EC-5469-79,13028.0,14500,,,0
44,13,EC-8335-93,11190.2,14500,,,0
44,14,EC-2193-39,507.15,14500,,,0
44,15,EC-1251-58,8113.2,14500,,,0
44,16,EC-6100-57,2912.0,14500,,,0
44,17,EC-7599-49,8716.0,14500,,,0
44,18,EC-4413-71,63.0,14500,,,0
44,19,EC-5767-40,3149.0,14500,,,0
44,20,EC-1620-18,2291.0,14500,,,0
44,21,EC-3695-90,13966.0,14500,,,0
44,22,EC-3089-36,711.04,15500,,,0
44,23,EC-7040-90,11413.04,15500,,,0
44,24,EC-9515-75,11999.04,15500,,,0
44,25,EC-5704-41,3267.04,15500,,,0
44,26,EC-9080-27,3997.04,15500,,,0
44,27,EC-9529-73,4305.04,15500,,,0
44,28,EC-4714-18,6757.04,15500,,,0
44,29,EC-3007-30,11284.04,15500,,,0
44,30,EC-5153-53,14971.04,15500,,,0
45,1,EXTRA_33,1001.0,14500,,,0
45,2,EXTRA_31,1001.0,14500,,,0
45,3,EC-6493-61,5465.75,14500,,,0
45,4,EC-7175-45,8987.0,14500,,,0
45,5,EC-9535-20,10977.0,14500,,,0
45,6,EC-6116-65,1901.0,14500,,,0
45,7,EC-1648-21,84.0,14500,,,0
45,8,EC-6826-38,12043.0,14500,,,0
45,9,EC-9678-33,9898.0,14500,,,0
45,10,EC-6324-10,8066.0,14500,,,0
45,11,EC-8617-67,11294.0,14500,,,0
45,12,EC-5469-79,13049.0,14500,,,0
45,13,EC-8335-93,11212.25,14500,,,0
45,14,EC-2193-39,529.2,14500,,,0
45,15,EC-1251-58,8135.25,14500,,,0
45,16,EC-6100-57,2933.0,14500,,,0
45,17,EC-7599-49,8737.0,14500,,,0
45,18,EC-4413-71,84.0,14500,,,0
45,19,EC-5767-40,3170.0,14500,,,0
45,20,EC-1620-18,2312.0,14500,,,0
45,21,EC-3695-90,13987.0,14500,,,0
45,22,EC-3089-36,722.45,15500,,,0
45,23,EC-7040-90,11424.45,15500,,,0
45,24,EC-9515-75,12010.45,15500,,,0
45,25,EC-5704-41,3278.45,15500,,,0
45,26,EC-9080-27,4008.45,15500,,,0
45,27,EC-9529-73,4316.45,15500,,,0
45,28,EC-4714-18,6768.45,15500,,,0
45,29,EC-3007-30,11295.45,15500,,,0
45,30,EC-5153-53,14982.45,15500,,,0
46,1,EXTRA_33,1023.75,14500,,,0
46,2,EXTRA_31,1023.75,14500,,,0
46,3,EC-6493-61,5488.5,14500,,,0
46,4,EC-7175-45,9008.0,14500,,,0
46,5,EC-9535-20,10998.0,14500,,,0
46,6,EC-6116-65,1922.0,14500,,,0
46,7,EC-1648-21,105.0,14500,,,0
46,8,EC-6826-38,12064.0,14500,,,0
46,9,EC-9678-33,9919.0,14500,,,0
46,10,EC-6324-10,8087.0,14500,,,0
46,11,EC-8617-67,11315.0,14500,,,0
46,12,EC-5469-79,13070.0,14500,,,0
46,13,EC-8335-93,11234.3,14500,,,0
46,14,EC-2193-39,551.25,14500,,,0
46,15,EC-1251-58,8157.3,14500,,,0
46,16,EC-6100-57,2954.0,14500,,,0
46,17,EC-7599-49,8758.0,14500,,,0
46,18,EC-4413-71,105.0,14500,,,0
46,19,EC-5767-40,3191.0,14500,,,0
46,20,EC-1620-18,2333.0,14500,,,0
46,21,EC-3695-90,14008.0,14500,,,0
46,22,EC-3089-36,733.86,15500,,,0
46,23,EC-7040-90,11435.86,15500,,,0
46,24,EC-9515-75,12021.86,15500,,,0
46,25,EC-5704-41,3289.86,15500,,,0
46,26,EC-9080-27,4019.86,15500,,,0
46,27,EC-9529-73,4327.86,15500,,,0
46,28,EC-4714-18,6779.86,15500,,,0
46,29,EC-3007-30,11306.86,15500,,,0
46,30,EC-5153-53,14993.86,15500,,,0
47,1,EXTRA_33,1046.5,14500,,,0
47,2,EXTRA_31,1046.5,14500,,,0
47,3,EC-6493-61,5511.25,14500,,,0
47,4,EC-7175-45,9029.0,14500,,,0
47,5,EC-9535-20,11019.0,14500,,,0
47,6,EC-6116-65,1943.0,14500,,,0
47,7,EC-1648-21,126.0,14500,,,0
47,8,EC-6826-38,12085.0,14500,,,0
47,9,EC-9678-33,9940.0,14500,,,0
47,10,EC-6324-10,8108.0,14500,,,0
47,11,EC-8617-67,11336.0,14500,,,0
47,12,EC-5469-79,13091.0,14500,,,0
47,13,EC-8335-93,11256.35,14500,,,0
47,14,EC-2193-39,573.3,14500,,,0
47,15,EC-1251-58,8179.35,14500,,,0
47,16,EC-6100-57,2975.0,14500,,,0
47,17,EC-7599-49,8779.0,14500,,,0
47,18,EC-4413-71,126.0,14500,,,0
47,19,EC-5767-40,3212.0,14500,,,0
47,20,EC-1620-18,2354.0,14500,,,0
47,21,EC-3695-90,14029.0,14500,,,0
47,22,EC-3089-36,745.27,15500,,,0
47,23,EC-7040-90,11447.27,15500,,,0
47,24,EC-9515-75,12033.27,15500,,,0
47,25,EC-5704-41,3301.27,15500,,,0
47,26,EC-9080-27,4031.27,15500,,,0
47,27,EC-9529-73,4339.27,15500,,,0
47,28,EC-4714-18,6791.27,15500,,,0
47,29,EC-3007-30,11318.27,15500,,,0
47,30,EC-5153-53,15005.27,15500,,,0
48,1,EXTRA_33,1069.25,14500,,,0
48,2,EXTRA_31,1069.25,14500,,,0
48,3,EC-6493-61,5534.0,14500,,,0
48,4,EC-7175-45,9050.0,14500,,,0
48,5,EC-9535-20,11040.0,14500,,,0
48,6,EC-6116-65,1964.0,14500,,,0
48,7,EC-1648-21,147.0,14500,,,0
48,8,EC-6826-38,12106.0,14500,,,0
48,9,EC-9678-33,9961.0,14500,,,0
48,10,EC-6324-10,8129.0,14500,,,0
48,11,EC-8617-67,11357.0,14500,,,0
48,12,EC-5469-79,13112.0,14500,,,0
48,13,EC-8335-93,11278.4,14500,,,0
48,14,EC-2193-39,595.35,14500,,,0
48,15,EC-1251-58,8201.4,14500,,,0
48,16,EC-6100-57,2996.0,14500,,,0
48,17,EC-7599-49,8800.0,14500,,,0
48,18,EC-4413-71,147.0,14500,,,0
48,19,EC-5767-40,3233.0,14500,,,0
48,20,EC-1620-18,2375.0,14500,,,0
48,21,EC-3695-90,14050.0,14500,,,0
48,22,EC-3089-36,756.68,15500,,,0
48,23,EC-7040-90,11458.68,15500,,,0
48,24,EC-9515-75,12044.68,15500,,,0
48,25,EC-5704-41,3312.68,15500,,,0
48,26,EC-9080-27,4042.68,15500,,,0
48,27,EC-9529-73,4350.68,15500,,,0
48,28,EC-4714-18,6802.68,15500,,,0
48,29,EC-3007-30,11329.68,15500,,,0
48,30,EC-5153-53,15016.68,15500,,,0
49,1,EXTRA_33,1092.0,14500,,,0
49,2,EXTRA_31,1092.0,14500,,,0
49,3,EC-6493-61,5556.75,14500,,,0
49,4,EC-7175-45,9071.0,14500,,,0
49,5,EC-9535-20,11061.0,14500,,,0
49,6,EC-6116-65,1985.0,14500,,,0
49,7,EC-1648-21,168.0,14500,,,0
49,8,EC-6826-38,12127.0,14500,,,0
49,9,EC-9678-33,9982.0,14500,,,0
49,10,EC-6324-10,8150.0,14500,,,0
49,11,EC-8617-67,11378.0,14500,,,0
49,12,EC-5469-79,13133.0,14500,,,0
49,13,EC-8335-93,11300.45,14500,,,0
49,14,EC-2193-39,617.4,14500,,,0
49,15,EC-1251-58,8223.45,14500,,,0
49,16,EC-6100-57,3017.0,14500,,,0
49,17,EC-7599-49,8821.0,14500,,,0
49,18,EC-4413-71,168.0,14500,,,0
49,19,EC-5767-40,3254.0,14500,,,0
49,20,EC-1620-18,2396.0,14500,,,0
49,21,EC-3695-90,14071.0,14500,,,0
49,22,EC-3089-36,768.09,15500,,,0
49,23,EC-7040-90,11470.09,15500,,,0
49,24,EC-9515-75,12056.09,15500,,,0
49,25,EC-5704-41,3324.09,15500,,,0
49,26,EC-9080-27,4054.09,15500,,,0
49,27,EC-9529-73,4362.09,15500,,,0
49,28,EC-4714-18,6814.09,15500,,,0
49,29,EC-3007-30,11341.09,15500,,,0
49,30,EC-5153-53,15028.09,15500,,,0
50,1,EXTRA_33,1114.75,14500,,,0
50,2,EXTRA_31,1114.75,14500,,,0
50,3,EC-6493-61,5579.5,14500,,,0
50,4,EC-7175-45,9092.0,14500,,,0
50,5,EC-9535-20,11082.0,14500,,,0
50,6,EC-6116-65,2006.0,14500,,,0
50,7,EC-1648-21,189.0,14500,,,0
50,8,EC-6826-38,12148.0,14500,,,0
50,9,EC-9678-33,10003.0,14500,,,0
50,10,EC-6324-10,8171.0,14500,,,0
50,11,EC-8617-67,11399.0,14500,,,0
50,12,EC-5469-79,13154.0,14500,,,0
50,13,EC-8335-93,11322.5,14500,,,0
50,14,EC-2193-39,639.45,14500,,,0
50,15,EC-1251-58,8245.5,14500,,,0
50,16,EC-6100-57,3038.0,14500,,,0
50,17,EC-7599-49,8842.0,14500,,,0
50,18,EC-4413-71,189.0,14500,,,0
50,19,EC-5767-40,3275.0,14500,,,0
50,20,EC-1620-18,2417.0,14500,,,0
50,21,EC-3695-90,14092.0,14500,,,0
50,22,EC-3089-36,779.5,15500,,,0
50,23,EC-7040-90,11481.5,15500,,,0
50,24,EC-9515-75,12067.5,15500,,,0
50,25,EC-5704-41,3335.5,15500,,,0
50,26,EC-9080-27,4065.5,15500,,,0
50,27,EC-9529-73,4373.5,15500,,,0
50,28,EC-4714-18,6825.5,15500,,,0
50,29,EC-3007-30,11352.5,15500,,,0
50,30,EC-5153-53,15039.5,15500,,,0
51,1,EXTRA_33,1137.5,14500,,,0
51,2,EXTRA_31,1137.5,14500,,,0
51,3,EC-6493-61,5602.25,14500,,,0
51,4,EC-7175-45,9113.0,14500,,,0
51,5,EC-9535-20,11103.0,14500,,,0
51,6,EC-6116-65,2027.0,14500,,,0
51,7,EC-1648-21,210.0,14500,,,0
51,8,EC-6826-38,12169.0,14500,,,0
51,9,EC-9678-33,10024.0,14500,,,0
51,10,EC-6324-10,8192.0,14500,,,0
51,11,EC-8617-67,11420.0,14500,,,0
51,12,EC-5469-79,13175.0,14500,,,0
51,13,EC-8335-93,11344.55,14500,,,0
51,14,EC-2193-39,661.5,14500,,,0
51,15,EC-1251-58,8267.55,14500,,,0
51,16,EC-6100-57,3059.0,14500,,,0
51,17,EC-7599-49,8863.0,14500,,,0
51,18,EC-4413-71,210.0,14500,,,0
51,19,EC-5767-40,3296.0,14500,,,0
51,20,EC-1620-18,2438.0,14500,,,0
51,21,EC-3695-90,14113.0,14500,,,0
51,22,EC-3089-36,790.91,15500,,,0
51,23,EC-7040-90,11492.91,15500,,,0
51,24,EC-9515-75,12078.91,15500,,,0
51,25,EC-5704-41,3346.91,15500,,,0
51,26,EC-9080-27,4076.91,15500,,,0
51,27,EC-9529-73,4384.91,15500,,,0
51,28,EC-4714-18,6836.91,15500,,,0
51,29,EC-3007-30,11363.91,15500,,,0
51,30,EC-5153-53,15050.91,15500,,,0
52,1,EXTRA_33,1160.25,14500,,,0
52,2,EXTRA_31,1160.25,14500,,,0
52,3,EC-6493-61,5625.0,14500,,,0
52,4,EC-7175-45,9134.0,14500,,,0
52,5,EC-9535-20,11124.0,14500,,,0
52,6,EC-6116-65,2048.0,14500,,,0
52,7,EC-1648-21,231.0,14500,,,0
52,8,EC-6826-38,12190.0,14500,,,0
52,9,EC-9678-33,10045.0,14500,,,0
52,10,EC-6324-10,8213.0,14500,,,0
52,11,EC-8617-67,11441.0,14500,,,0
52,12,EC-5469-79,13196.0,14500,,,0
52,13,EC-8335-93,11366.6,14500,,,0
52,14,EC-2193-39,683.55,14500,,,0
52,15,EC-1251-58,8289.6,14500,,,0
52,16,EC-6100-57,3080.0,14500,,,0
52,17,EC-7599-49,8884.0,14500,,,0
52,18,EC-4413-71,231.0,14500,,,0
52,19,EC-5767-40,3317.0,14500,,,0
52,20,EC-1620-18,2459.0,14500,,,0
52,21,EC-3695-90,14134.0,14500,,,0
52,22,EC-3089-36,802.32,15500,,,0
52,23,EC-7040-90,11504.32,15500,,,0
52,24,EC-9515-75,12090.32,15500,,,0
52,25,EC-5704-41,3358.32,15500,,,0
52,26,EC-9080-27,4088.32,15500,,,0
52,27,EC-9529-73,4396.32,15500,,,0
52,28,EC-4714-18,6848.32,15500,,,0
52,29,EC-3007-30,11375.32,15500,,,0
52,30,EC-5153-53,15062.32,15500,,,0
53,1,EXTRA_33,1183.0,14500,,,0
53,2,EXTRA_31,1183.0,14500,,,0
53,3,EC-6493-61,5647.75,14500,,,0
53,4,EC-7175-45,9155.0,14500,,,0
53,5,EC-9535-20,11145.0,14500,,,0
53,6,EC-6116-65,2069.0,14500,,,0
53,7,EC-1648-21,252.0,14500,,,0
53,8,EC-6826-38,12211.0,14500,,,0
53,9,EC-9678-33,10066.0,14500,,,0
53,10,EC-6324-10,8234.0,14500,,,0
53,11,EC-8617-67,11462.0,14500,,,0
53,12,EC-5469-79,13217.0,14500,,,0
53,13,EC-8335-93,11388.65,14500,,,0
53,14,EC-2193-39,705.6,14500,,,0
53,15,EC-1251-58,8311.65,14500,,,0
53,16,EC-6100-57,3101.0,14500,,,0
53,17,EC-7599-49,8905.0,14500,,,0
53,18,EC-4413-71,252.0,14500,,,0
53,19,EC-5767-40,3338.0,14500,,,0
53,20,EC-1620-18,2480.0,14500,,,0
53,21,EC-3695-90,14155.0,14500,,,0
53,22,EC-3089-36,813.73,15500,,,0
53,23,EC-7040-90,11515.73,15500,,,0
53,24,EC-9515-75,12101.73,15500,,,0
53,25,EC-5704-41,3369.73,15500,,,0
53,26,EC-9080-27,4099.73,15500,,,0
53,27,EC-9529-73,4407.73,15500,,,0
53,28,EC-4714-18,6859.73,15500,,,0
53,29,EC-3007-30,11386.73,15500,,,0
53,30,EC-5153-53,15073.73,15500,,,0
54,1,EXTRA_33,1205.75,14500,,,0
54,2,EXTRA_31,1205.75,14500,,,0
54,3,EC-6493-61,5670.5,14500,,,0
54,4,EC-7175-45,9176.0,14500,,,0
54,5,EC-9535-20,11166.0,14500,,,0
54,6,EC-6116-65,2090.0,14500,,,0
54,7,EC-1648-21,273.0,14500,,,0
54,8,EC-6826-38,12232.0,14500,,,0
54,9,EC-9678-33,10087.0,14500,,,0
54,10,EC-6324-10,8255.0,14500,,,0
54,11,EC-8617-67,11483.0,14500,,,0
54,12,EC-5469-79,13238.0,14500,,,0
54,13,EC-8335-93,11410.7,14500,,,0
54,14,EC-2193-39,727.65,14500,,,0
54,15,EC-1251-58,8333.7,14500,,,0
54,16,EC-6100-57,3122.0,14500,,,0
54,17,EC-7599-49,8926.0,14500,,,0
54,18,EC-4413-71,273.0,14500,,,0
54,19,EC-5767-40,3359.0,14500,,,0
54,20,EC-1620-18,2501.0,14500,,,0
54,21,EC-3695-90,14176.0,14500,,,0
54,22,EC-3089-36,825.14,15500,,,0
54,23,EC-7040-90,11527.14,15500,,,0
54,24,EC-9515-75,12113.14,15500,,,0
54,25,EC-5704-41,3381.14,15500,,,0
54,26,EC-9080-27,4111.14,15500,,,0
54,27,EC-9529-73,4419.14,15500,,,0
54,28,EC-4714-18,6871.14,15500,,,0
54,29,EC-3007-30,11398.14,15500,,,0
54,30,EC-5153-53,15085.14,15500,,,0
